Store_ID	Pose_ID	Energy	SMILES	SDF	Store_SMILES	SMILES_repr
SWXHVWNMTPIHQF-OEMAIJDKSA-N	SWXHVWNMTPIHQF-OEMAIJDKSA-N_repr_0_target_5T1A_clean_mutations_reversed_withHs_pose_0	-10.83		"
     RDKit          3D

 24 26  0  0  0  0  0  0  0  0999 V2000
    5.6040   26.3570  191.2840 C   0  0  0  0  0  0  0  0  0  0  0  0
    4.4120   26.2620  190.3770 C   0  0  0  0  0  0  0  0  0  0  0  0
    3.5650   25.3810  190.4990 O   0  0  0  0  0  0  0  0  0  0  0  0
    4.3240   27.3140  189.3120 C   0  0  0  0  0  0  0  0  0  0  0  0
    3.2400   27.9770  188.9030 C   0  0  0  0  0  0  0  0  0  0  0  0
    2.0360   27.8410  189.3500 O   0  0  0  0  0  1  0  0  0  0  0  0
    3.5610   28.9320  187.8340 C   0  0  0  0  0  0  0  0  0  0  0  0
    2.8600   29.7240  187.1930 O   0  0  0  0  0  0  0  0  0  0  0  0
    4.8810   28.7810  187.6540 N   0  0  0  0  0  0  0  0  0  0  0  0
    5.6410   29.5460  186.6700 C   0  0  0  0  0  0  0  0  0  0  0  0
    6.4040   30.6450  187.0680 C   0  0  0  0  0  0  0  0  0  0  0  0
    7.1270   31.3690  186.1180 C   0  0  0  0  0  0  0  0  0  0  0  0
    7.0870   30.9940  184.7750 C   0  0  0  0  0  0  0  0  0  0  0  0
    7.9810   31.8880  183.6010 Cl  0  0  0  0  0  0  0  0  0  0  0  0
    6.3240   29.8950  184.3800 C   0  0  0  0  0  0  0  0  0  0  0  0
    5.6020   29.1720  185.3270 C   0  0  0  0  0  0  0  0  0  0  0  0
    4.8630   28.1080  184.9440 F   0  0  0  0  0  0  0  0  0  0  0  0
    5.4910   27.7970  188.5160 C   0  0  2  0  0  0  0  0  0  0  0  0
    6.1240   26.7000  187.7120 C   0  0  0  0  0  0  0  0  0  0  0  0
    5.1190   25.5490  187.5050 C   0  0  0  0  0  0  0  0  0  0  0  0
    5.7550   24.3610  186.7570 C   0  0  0  0  0  0  0  0  0  0  0  0
    7.0460   23.8760  187.4480 C   0  0  0  0  0  0  0  0  0  0  0  0
    8.0520   25.0270  187.6550 C   0  0  0  0  0  0  0  0  0  0  0  0
    7.4150   26.2150  188.4030 C   0  0  0  0  0  0  0  0  0  0  0  0
  1  2  1  0
  2  3  2  0
  2  4  1  0
  4  5  2  0
  5  6  1  0
  5  7  1  0
  7  8  2  0
  7  9  1  0
  9 10  1  0
 10 11  2  0
 11 12  1  0
 12 13  2  0
 13 14  1  0
 13 15  1  0
 15 16  2  0
 16 17  1  0
  9 18  1  0
 18 19  1  6
 19 20  1  0
 20 21  1  0
 21 22  1  0
 22 23  1  0
 23 24  1  0
 18  4  1  0
 24 19  1  0
 16 10  1  0
M  CHG  1   6  -1
M  END
"	CC(=O)C1C(=O)C(=O)N(c2ccc(Cl)cc2F)[C@@H]1C1CCCCC1	[H]c1c([H])c(N2C(=O)C([O-])=C(C(=O)C([H])([H])[H])[C@@]2([H])C2([H])C([H])([H])C([H])([H])C([H])([H])C([H])([H])C2([H])[H])c(F)c([H])c1Cl
SWXHVWNMTPIHQF-LYKKTTPLSA-N	SWXHVWNMTPIHQF-LYKKTTPLSA-N_repr_0_target_5T1A_clean_mutations_reversed_withHs_pose_0	-9.157		"
     RDKit          3D

 24 26  0  0  0  0  0  0  0  0999 V2000
    4.0120   25.7280  189.1150 C   0  0  0  0  0  0  0  0  0  0  0  0
    5.4670   25.7540  189.4770 C   0  0  0  0  0  0  0  0  0  0  0  0
    6.0640   24.7510  189.8620 O   0  0  0  0  0  0  0  0  0  0  0  0
    6.1460   27.0840  189.3390 C   0  0  0  0  0  0  0  0  0  0  0  0
    6.8390   27.7500  190.2640 C   0  0  0  0  0  0  0  0  0  0  0  0
    7.0650   27.3760  191.4800 O   0  0  0  0  0  1  0  0  0  0  0  0
    7.3510   29.0240  189.7430 C   0  0  0  0  0  0  0  0  0  0  0  0
    8.0260   29.9200  190.2640 O   0  0  0  0  0  0  0  0  0  0  0  0
    6.9170   29.0520  188.4760 N   0  0  0  0  0  0  0  0  0  0  0  0
    7.1980   30.1560  187.5630 C   0  0  0  0  0  0  0  0  0  0  0  0
    8.5110   30.5830  187.3560 C   0  0  0  0  0  0  0  0  0  0  0  0
    8.7670   31.6400  186.4810 C   0  0  0  0  0  0  0  0  0  0  0  0
    7.7130   32.2670  185.8150 C   0  0  0  0  0  0  0  0  0  0  0  0
    8.0300   33.5720  184.7330 Cl  0  0  0  0  0  0  0  0  0  0  0  0
    6.4030   31.8380  186.0230 C   0  0  0  0  0  0  0  0  0  0  0  0
    6.1450   30.7830  186.8970 C   0  0  0  0  0  0  0  0  0  0  0  0
    4.8760   30.3680  187.0990 F   0  0  0  0  0  0  0  0  0  0  0  0
    6.1460   27.8950  188.0850 C   0  0  1  0  0  0  0  0  0  0  0  0
    6.8000   27.1770  186.9420 C   0  0  0  0  0  0  0  0  0  0  0  0
    5.7270   26.6030  185.9950 C   0  0  0  0  0  0  0  0  0  0  0  0
    6.3550   25.7800  184.8520 C   0  0  0  0  0  0  0  0  0  0  0  0
    7.2930   24.6800  185.3880 C   0  0  0  0  0  0  0  0  0  0  0  0
    8.3660   25.2540  186.3350 C   0  0  0  0  0  0  0  0  0  0  0  0
    7.7390   26.0770  187.4780 C   0  0  0  0  0  0  0  0  0  0  0  0
  1  2  1  0
  2  3  2  0
  2  4  1  0
  4  5  2  0
  5  6  1  0
  5  7  1  0
  7  8  2  0
  7  9  1  0
  9 10  1  0
 10 11  2  0
 11 12  1  0
 12 13  2  0
 13 14  1  0
 13 15  1  0
 15 16  2  0
 16 17  1  0
  9 18  1  0
 18 19  1  6
 19 20  1  0
 20 21  1  0
 21 22  1  0
 22 23  1  0
 23 24  1  0
 18  4  1  0
 24 19  1  0
 16 10  1  0
M  CHG  1   6  -1
M  END
"	CC(=O)C1C(=O)C(=O)N(c2ccc(Cl)cc2F)[C@H]1C1CCCCC1	[H]c1c([H])c(N2C(=O)C([O-])=C(C(=O)C([H])([H])[H])[C@]2([H])C2([H])C([H])([H])C([H])([H])C([H])([H])C([H])([H])C2([H])[H])c(F)c([H])c1Cl
OLFYEIGJVWCOCU-OEMAIJDKSA-N	OLFYEIGJVWCOCU-OEMAIJDKSA-N_repr_0_target_5T1A_clean_mutations_reversed_withHs_pose_0	-11.147		"
     RDKit          3D

 23 25  0  0  0  0  0  0  0  0999 V2000
    5.2350   26.1980  191.6680 C   0  0  0  0  0  0  0  0  0  0  0  0
    4.0910   26.0930  190.7030 C   0  0  0  0  0  0  0  0  0  0  0  0
    3.2550   25.1950  190.7730 O   0  0  0  0  0  0  0  0  0  0  0  0
    4.0360   27.1560  189.6470 C   0  0  0  0  0  0  0  0  0  0  0  0
    2.9690   27.8400  189.2280 C   0  0  0  0  0  0  0  0  0  0  0  0
    1.7560   27.7190  189.6560 O   0  0  0  0  0  1  0  0  0  0  0  0
    3.3210   28.7990  188.1730 C   0  0  0  0  0  0  0  0  0  0  0  0
    2.6430   29.6090  187.5300 O   0  0  0  0  0  0  0  0  0  0  0  0
    4.6410   28.6290  188.0110 N   0  0  0  0  0  0  0  0  0  0  0  0
    5.4280   29.3900  187.0450 C   0  0  0  0  0  0  0  0  0  0  0  0
    5.2560   29.1610  185.6810 C   0  0  0  0  0  0  0  0  0  0  0  0
    6.0080   29.8870  184.7590 C   0  0  0  0  0  0  0  0  0  0  0  0
    6.9240   30.8360  185.2110 C   0  0  0  0  0  0  0  0  0  0  0  0
    7.9510   31.8290  183.9520 Br  0  0  0  0  0  0  0  0  0  0  0  0
    7.0960   31.0660  186.5750 C   0  0  0  0  0  0  0  0  0  0  0  0
    6.3440   30.3390  187.4970 C   0  0  0  0  0  0  0  0  0  0  0  0
    5.2230   27.6270  188.8720 C   0  0  2  0  0  0  0  0  0  0  0  0
    5.8490   26.5270  188.0670 C   0  0  0  0  0  0  0  0  0  0  0  0
    4.7940   25.4560  187.7240 C   0  0  0  0  0  0  0  0  0  0  0  0
    5.4140   24.2620  186.9710 C   0  0  0  0  0  0  0  0  0  0  0  0
    6.6110   23.6630  187.7370 C   0  0  0  0  0  0  0  0  0  0  0  0
    7.6660   24.7340  188.0790 C   0  0  0  0  0  0  0  0  0  0  0  0
    7.0460   25.9270  188.8330 C   0  0  0  0  0  0  0  0  0  0  0  0
  1  2  1  0
  2  3  2  0
  2  4  1  0
  4  5  2  0
  5  6  1  0
  5  7  1  0
  7  8  2  0
  7  9  1  0
  9 10  1  0
 10 11  2  0
 11 12  1  0
 12 13  2  0
 13 14  1  0
 13 15  1  0
 15 16  2  0
  9 17  1  0
 17 18  1  6
 18 19  1  0
 19 20  1  0
 20 21  1  0
 21 22  1  0
 22 23  1  0
 17  4  1  0
 23 18  1  0
 16 10  1  0
M  CHG  1   6  -1
M  END
"	CC(=O)C1C(=O)C(=O)N(c2ccc(Br)cc2)[C@@H]1C1CCCCC1	[H]c1c([H])c(N2C(=O)C([O-])=C(C(=O)C([H])([H])[H])[C@@]2([H])C2([H])C([H])([H])C([H])([H])C([H])([H])C([H])([H])C2([H])[H])c([H])c([H])c1Br
OLFYEIGJVWCOCU-LYKKTTPLSA-N	OLFYEIGJVWCOCU-LYKKTTPLSA-N_repr_0_target_5T1A_clean_mutations_reversed_withHs_pose_0	-9.307		"
     RDKit          3D

 23 25  0  0  0  0  0  0  0  0999 V2000
    5.0120   25.7420  191.3340 C   0  0  0  0  0  0  0  0  0  0  0  0
    3.8140   25.8080  190.4330 C   0  0  0  0  0  0  0  0  0  0  0  0
    2.8850   25.0080  190.5200 O   0  0  0  0  0  0  0  0  0  0  0  0
    3.8250   26.9150  189.4210 C   0  0  0  0  0  0  0  0  0  0  0  0
    2.8700   27.8140  189.1800 C   0  0  0  0  0  0  0  0  0  0  0  0
    1.7300   27.9110  189.7810 O   0  0  0  0  0  1  0  0  0  0  0  0
    3.2550   28.7390  188.1070 C   0  0  0  0  0  0  0  0  0  0  0  0
    2.6690   29.6980  187.5890 O   0  0  0  0  0  0  0  0  0  0  0  0
    4.4770   28.3230  187.7460 N   0  0  0  0  0  0  0  0  0  0  0  0
    5.2570   28.9640  186.6920 C   0  0  0  0  0  0  0  0  0  0  0  0
    5.7360   30.2600  186.8790 C   0  0  0  0  0  0  0  0  0  0  0  0
    6.4820   30.8720  185.8730 C   0  0  0  0  0  0  0  0  0  0  0  0
    6.7400   30.1820  184.6890 C   0  0  0  0  0  0  0  0  0  0  0  0
    7.7570   31.0180  183.3140 Br  0  0  0  0  0  0  0  0  0  0  0  0
    6.2610   28.8870  184.5020 C   0  0  0  0  0  0  0  0  0  0  0  0
    5.5160   28.2750  185.5080 C   0  0  0  0  0  0  0  0  0  0  0  0
    4.9610   27.1840  188.4900 C   0  0  1  0  0  0  0  0  0  0  0  0
    6.2280   27.5200  189.2200 C   0  0  0  0  0  0  0  0  0  0  0  0
    6.3170   29.0420  189.4510 C   0  0  0  0  0  0  0  0  0  0  0  0
    7.6460   29.4420  190.1220 C   0  0  0  0  0  0  0  0  0  0  0  0
    8.8640   28.9090  189.3410 C   0  0  0  0  0  0  0  0  0  0  0  0
    8.7750   27.3870  189.1110 C   0  0  0  0  0  0  0  0  0  0  0  0
    7.4460   26.9870  188.4400 C   0  0  0  0  0  0  0  0  0  0  0  0
  1  2  1  0
  2  3  2  0
  2  4  1  0
  4  5  2  0
  5  6  1  0
  5  7  1  0
  7  8  2  0
  7  9  1  0
  9 10  1  0
 10 11  2  0
 11 12  1  0
 12 13  2  0
 13 14  1  0
 13 15  1  0
 15 16  2  0
  9 17  1  0
 17 18  1  1
 18 19  1  0
 19 20  1  0
 20 21  1  0
 21 22  1  0
 22 23  1  0
 17  4  1  0
 23 18  1  0
 16 10  1  0
M  CHG  1   6  -1
M  END
"	CC(=O)C1C(=O)C(=O)N(c2ccc(Br)cc2)[C@H]1C1CCCCC1	[H]c1c([H])c(N2C(=O)C([O-])=C(C(=O)C([H])([H])[H])[C@]2([H])C2([H])C([H])([H])C([H])([H])C([H])([H])C([H])([H])C2([H])[H])c([H])c([H])c1Br
HGZOJVSCQNZLMS-OEMAIJDKSA-N	HGZOJVSCQNZLMS-OEMAIJDKSA-N_repr_0_target_5T1A_clean_mutations_reversed_withHs_pose_0	-10.759		"
     RDKit          3D

 23 25  0  0  0  0  0  0  0  0999 V2000
    5.5520   26.3420  191.3770 C   0  0  0  0  0  0  0  0  0  0  0  0
    4.3460   26.2620  190.4880 C   0  0  0  0  0  0  0  0  0  0  0  0
    3.4790   25.4030  190.6360 O   0  0  0  0  0  0  0  0  0  0  0  0
    4.2680   27.2990  189.4080 C   0  0  0  0  0  0  0  0  0  0  0  0
    3.1950   27.9820  189.0040 C   0  0  0  0  0  0  0  0  0  0  0  0
    1.9940   27.8830  189.4700 O   0  0  0  0  0  1  0  0  0  0  0  0
    3.5240   28.9120  187.9160 C   0  0  0  0  0  0  0  0  0  0  0  0
    2.8330   29.7110  187.2730 O   0  0  0  0  0  0  0  0  0  0  0  0
    4.8360   28.7260  187.7190 N   0  0  0  0  0  0  0  0  0  0  0  0
    5.6010   29.4560  186.7120 C   0  0  0  0  0  0  0  0  0  0  0  0
    6.3400   30.5770  187.0810 C   0  0  0  0  0  0  0  0  0  0  0  0
    7.0730   31.2810  186.1300 C   0  0  0  0  0  0  0  0  0  0  0  0
    7.0600   30.8540  184.8060 C   0  0  0  0  0  0  0  0  0  0  0  0
    7.9640   31.7170  183.6160 Cl  0  0  0  0  0  0  0  0  0  0  0  0
    6.3210   29.7340  184.4380 C   0  0  0  0  0  0  0  0  0  0  0  0
    5.5870   29.0290  185.3880 C   0  0  0  0  0  0  0  0  0  0  0  0
    5.4350   27.7400  188.5870 C   0  0  2  0  0  0  0  0  0  0  0  0
    6.0280   26.6150  187.7920 C   0  0  0  0  0  0  0  0  0  0  0  0
    4.9830   25.5000  187.5930 C   0  0  0  0  0  0  0  0  0  0  0  0
    5.5770   24.2840  186.8540 C   0  0  0  0  0  0  0  0  0  0  0  0
    6.8500   23.7590  187.5500 C   0  0  0  0  0  0  0  0  0  0  0  0
    7.8950   24.8740  187.7480 C   0  0  0  0  0  0  0  0  0  0  0  0
    7.3010   26.0900  188.4870 C   0  0  0  0  0  0  0  0  0  0  0  0
  1  2  1  0
  2  3  2  0
  2  4  1  0
  4  5  2  0
  5  6  1  0
  5  7  1  0
  7  8  2  0
  7  9  1  0
  9 10  1  0
 10 11  2  0
 11 12  1  0
 12 13  2  0
 13 14  1  0
 13 15  1  0
 15 16  2  0
  9 17  1  0
 17 18  1  6
 18 19  1  0
 19 20  1  0
 20 21  1  0
 21 22  1  0
 22 23  1  0
 17  4  1  0
 23 18  1  0
 16 10  1  0
M  CHG  1   6  -1
M  END
"	CC(=O)C1C(=O)C(=O)N(c2ccc(Cl)cc2)[C@@H]1C1CCCCC1	[H]c1c([H])c(N2C(=O)C([O-])=C(C(=O)C([H])([H])[H])[C@@]2([H])C2([H])C([H])([H])C([H])([H])C([H])([H])C([H])([H])C2([H])[H])c([H])c([H])c1Cl
OTRWOBVXEPACEI-UHFFFAOYSA-N	OTRWOBVXEPACEI-UHFFFAOYSA-N_repr_0_target_5T1A_clean_mutations_reversed_withHs_pose_0	-9.775		"
     RDKit          3D

 21 24  0  0  0  0  0  0  0  0999 V2000
    3.1860   29.5050  186.9760 O   0  0  0  0  0  1  0  0  0  0  0  0
    3.6480   28.3370  187.2320 C   0  0  0  0  0  0  0  0  0  0  0  0
    4.6120   27.7690  186.4120 C   0  0  0  0  0  0  0  0  0  0  0  0
    5.1300   28.5070  185.2130 C   0  0  0  0  0  0  0  0  0  0  0  0
    6.1520   29.5140  185.6490 C   0  0  0  0  0  0  0  0  0  0  0  0
    6.6960   29.4580  186.9290 C   0  0  0  0  0  0  0  0  0  0  0  0
    7.6450   30.3960  187.3320 C   0  0  0  0  0  0  0  0  0  0  0  0
    8.0580   31.3970  186.4570 C   0  0  0  0  0  0  0  0  0  0  0  0
    7.5160   31.4540  185.1790 C   0  0  0  0  0  0  0  0  0  0  0  0
    8.0180   32.6910  184.0860 Cl  0  0  0  0  0  0  0  0  0  0  0  0
    6.5670   30.5170  184.7770 C   0  0  0  0  0  0  0  0  0  0  0  0
    5.0880   26.5010  186.7240 C   0  0  0  0  0  0  0  0  0  0  0  0
    6.1310   25.8590  185.8560 C   0  0  0  0  0  0  0  0  0  0  0  0
    6.3910   24.3770  186.0050 C   0  0  0  0  0  0  0  0  0  0  0  0
    7.4140   25.3770  186.4930 C   0  0  0  0  0  0  0  0  0  0  0  0
    4.6550   25.7860  187.7970 N   0  0  0  0  0  0  0  0  0  0  0  0
    3.7270   26.3650  188.5640 C   0  0  0  0  0  0  0  0  0  0  0  0
    3.1500   25.8520  189.6740 N   0  0  0  0  0  0  0  0  0  0  0  0
    2.3180   26.8190  190.0360 C   0  0  0  0  0  0  0  0  0  0  0  0
    2.2770   27.9120  189.2950 N   0  0  0  0  0  0  0  0  0  0  0  0
    3.2030   27.6240  188.3200 N   0  0  0  0  0  0  0  0  0  0  0  0
  1  2  1  0
  2  3  2  0
  3  4  1  0
  4  5  1  0
  5  6  2  0
  6  7  1  0
  7  8  2  0
  8  9  1  0
  9 10  1  0
  9 11  2  0
  3 12  1  0
 12 13  1  0
 13 14  1  0
 14 15  1  0
 12 16  2  0
 16 17  1  0
 17 18  2  0
 18 19  1  0
 19 20  2  0
 20 21  1  0
 21  2  1  0
 11  5  1  0
 15 13  1  0
 21 17  1  0
M  CHG  1   1  -1
M  END
"	O=c1c(Cc2cccc(Cl)c2)c(C2CC2)[nH]c2ncnn12	[H]c1nc2nc(C3([H])C([H])([H])C3([H])[H])c(C([H])([H])c3c([H])c([H])c([H])c(Cl)c3[H])c([O-])n2n1
AEHODMQBMLUHNX-UHFFFAOYSA-N	AEHODMQBMLUHNX-UHFFFAOYSA-N_repr_0_target_5T1A_clean_mutations_reversed_withHs_pose_0	-9.635		"
     RDKit          3D

 22 25  0  0  0  0  0  0  0  0999 V2000
    1.6120   26.4900  191.9790 N   0  0  0  0  0  0  0  0  0  0  0  0
    2.3220   26.6850  190.7190 C   0  0  0  0  0  0  0  0  0  0  0  0
    3.1210   25.7480  190.2260 N   0  0  0  0  0  0  0  0  0  0  0  0
    3.5650   26.3160  189.0830 C   0  0  0  0  0  0  0  0  0  0  0  0
    4.4100   25.7850  188.1940 N   0  0  0  0  0  0  0  0  0  0  0  0
    4.7120   26.5510  187.1110 C   0  0  0  0  0  0  0  0  0  0  0  0
    5.6600   25.9630  186.1070 C   0  0  0  0  0  0  0  0  0  0  0  0
    6.2310   24.5870  186.3630 C   0  0  0  0  0  0  0  0  0  0  0  0
    7.1150   25.8070  186.4830 C   0  0  0  0  0  0  0  0  0  0  0  0
    4.1880   27.8220  186.9070 C   0  0  0  0  0  0  0  0  0  0  0  0
    4.5600   28.6170  185.6910 C   0  0  0  0  0  0  0  0  0  0  0  0
    5.7320   29.4980  186.0090 C   0  0  0  0  0  0  0  0  0  0  0  0
    6.3190   29.4560  187.2730 C   0  0  0  0  0  0  0  0  0  0  0  0
    7.4090   30.2710  187.5780 C   0  0  0  0  0  0  0  0  0  0  0  0
    7.9150   31.1360  186.6100 C   0  0  0  0  0  0  0  0  0  0  0  0
    7.3280   31.1780  185.3470 C   0  0  0  0  0  0  0  0  0  0  0  0
    8.0200   32.3590  184.0240 Br  0  0  0  0  0  0  0  0  0  0  0  0
    6.2390   30.3640  185.0420 C   0  0  0  0  0  0  0  0  0  0  0  0
    3.3130   28.3390  187.8520 C   0  0  0  0  0  0  0  0  0  0  0  0
    2.8100   29.5080  187.6980 O   0  0  0  0  0  1  0  0  0  0  0  0
    3.0000   27.5740  188.9510 N   0  0  0  0  0  0  0  0  0  0  0  0
    2.1850   27.8060  190.0340 N   0  0  0  0  0  0  0  0  0  0  0  0
  1  2  1  0
  2  3  1  0
  3  4  2  0
  4  5  1  0
  5  6  2  0
  6  7  1  0
  7  8  1  0
  8  9  1  0
  6 10  1  0
 10 11  1  0
 11 12  1  0
 12 13  2  0
 13 14  1  0
 14 15  2  0
 15 16  1  0
 16 17  1  0
 16 18  2  0
 10 19  2  0
 19 20  1  0
 19 21  1  0
 21 22  1  0
 22  2  2  0
 21  4  1  0
  9  7  1  0
 18 12  1  0
M  CHG  1  20  -1
M  END
"	Nc1nc2[nH]c(C3CC3)c(Cc3cccc(Br)c3)c(=O)n2n1	[H]c1c([H])c(Br)c([H])c(C([H])([H])c2c(C3([H])C([H])([H])C3([H])[H])nc3nc(N([H])[H])nn3c2[O-])c1[H]
IRUPMGAJMKZLLI-UHFFFAOYSA-N	IRUPMGAJMKZLLI-UHFFFAOYSA-N_repr_0_target_5T1A_clean_mutations_reversed_withHs_pose_0	-9.291		"
     RDKit          3D

 22 25  0  0  0  0  0  0  0  0999 V2000
    4.0390   25.6010  192.4730 N   0  0  0  0  0  0  0  0  0  0  0  0
    4.3470   25.9230  191.0830 C   0  0  0  0  0  0  0  0  0  0  0  0
    5.3880   25.3820  190.4650 N   0  0  0  0  0  0  0  0  0  0  0  0
    5.3130   25.9320  189.2330 C   0  0  0  0  0  0  0  0  0  0  0  0
    6.1370   25.7190  188.2030 N   0  0  0  0  0  0  0  0  0  0  0  0
    5.8580   26.3900  187.0530 C   0  0  0  0  0  0  0  0  0  0  0  0
    6.7790   26.1570  185.8910 C   0  0  0  0  0  0  0  0  0  0  0  0
    6.5730   24.9310  185.0310 C   0  0  0  0  0  0  0  0  0  0  0  0
    7.7640   25.0130  185.9590 C   0  0  0  0  0  0  0  0  0  0  0  0
    4.7810   27.2580  186.9200 C   0  0  0  0  0  0  0  0  0  0  0  0
    4.5260   27.9680  185.6240 C   0  0  0  0  0  0  0  0  0  0  0  0
    5.3790   29.2010  185.5530 C   0  0  0  0  0  0  0  0  0  0  0  0
    6.1230   29.4600  184.4030 C   0  0  0  0  0  0  0  0  0  0  0  0
    6.9150   30.6050  184.3380 C   0  0  0  0  0  0  0  0  0  0  0  0
    6.9560   31.4790  185.4230 C   0  0  0  0  0  0  0  0  0  0  0  0
    8.0380   33.0420  185.3330 Br  0  0  0  0  0  0  0  0  0  0  0  0
    6.2120   31.2190  186.5730 C   0  0  0  0  0  0  0  0  0  0  0  0
    5.4200   30.0750  186.6390 C   0  0  0  0  0  0  0  0  0  0  0  0
    3.9470   27.4530  188.0120 C   0  0  0  0  0  0  0  0  0  0  0  0
    2.9440   28.2460  187.9270 O   0  0  0  0  0  1  0  0  0  0  0  0
    4.2190   26.7800  189.1800 N   0  0  0  0  0  0  0  0  0  0  0  0
    3.5920   26.7660  190.4030 N   0  0  0  0  0  0  0  0  0  0  0  0
  1  2  1  0
  2  3  1  0
  3  4  2  0
  4  5  1  0
  5  6  2  0
  6  7  1  0
  7  8  1  0
  8  9  1  0
  6 10  1  0
 10 11  1  0
 11 12  1  0
 12 13  2  0
 13 14  1  0
 14 15  2  0
 15 16  1  0
 15 17  1  0
 17 18  2  0
 10 19  2  0
 19 20  1  0
 19 21  1  0
 21 22  1  0
 22  2  2  0
 21  4  1  0
  9  7  1  0
 18 12  1  0
M  CHG  1  20  -1
M  END
"	Nc1nc2[nH]c(C3CC3)c(Cc3ccc(Br)cc3)c(=O)n2n1	[H]c1c([H])c(C([H])([H])c2c(C3([H])C([H])([H])C3([H])[H])nc3nc(N([H])[H])nn3c2[O-])c([H])c([H])c1Br
HAZUXFVCMUSZHN-UHFFFAOYSA-N	HAZUXFVCMUSZHN-UHFFFAOYSA-N_repr_0_target_5T1A_clean_mutations_reversed_withHs_pose_0	-9.471		"
     RDKit          3D

 22 25  0  0  0  0  0  0  0  0999 V2000
    4.0000   25.5950  192.4640 N   0  0  0  0  0  0  0  0  0  0  0  0
    4.3100   25.9330  191.0790 C   0  0  0  0  0  0  0  0  0  0  0  0
    5.3430   25.3870  190.4510 N   0  0  0  0  0  0  0  0  0  0  0  0
    5.2730   25.9560  189.2270 C   0  0  0  0  0  0  0  0  0  0  0  0
    6.0930   25.7470  188.1930 N   0  0  0  0  0  0  0  0  0  0  0  0
    5.8220   26.4380  187.0530 C   0  0  0  0  0  0  0  0  0  0  0  0
    6.7380   26.2100  185.8870 C   0  0  0  0  0  0  0  0  0  0  0  0
    6.5540   24.9660  185.0480 C   0  0  0  0  0  0  0  0  0  0  0  0
    7.7510   25.0910  185.9630 C   0  0  0  0  0  0  0  0  0  0  0  0
    4.7570   27.3230  186.9350 C   0  0  0  0  0  0  0  0  0  0  0  0
    4.5100   28.0560  185.6500 C   0  0  0  0  0  0  0  0  0  0  0  0
    5.3720   29.2830  185.6010 C   0  0  0  0  0  0  0  0  0  0  0  0
    5.4460   30.1230  186.7090 C   0  0  0  0  0  0  0  0  0  0  0  0
    6.2430   31.2640  186.6750 C   0  0  0  0  0  0  0  0  0  0  0  0
    6.9640   31.5580  185.5230 C   0  0  0  0  0  0  0  0  0  0  0  0
    7.9550   32.9700  185.4660 Cl  0  0  0  0  0  0  0  0  0  0  0  0
    6.8890   30.7180  184.4150 C   0  0  0  0  0  0  0  0  0  0  0  0
    6.0930   29.5770  184.4470 C   0  0  0  0  0  0  0  0  0  0  0  0
    3.9270   27.5140  188.0310 C   0  0  0  0  0  0  0  0  0  0  0  0
    2.9350   28.3220  187.9590 O   0  0  0  0  0  1  0  0  0  0  0  0
    4.1910   26.8200  189.1880 N   0  0  0  0  0  0  0  0  0  0  0  0
    3.5660   26.7970  190.4120 N   0  0  0  0  0  0  0  0  0  0  0  0
  1  2  1  0
  2  3  1  0
  3  4  2  0
  4  5  1  0
  5  6  2  0
  6  7  1  0
  7  8  1  0
  8  9  1  0
  6 10  1  0
 10 11  1  0
 11 12  1  0
 12 13  2  0
 13 14  1  0
 14 15  2  0
 15 16  1  0
 15 17  1  0
 17 18  2  0
 10 19  2  0
 19 20  1  0
 19 21  1  0
 21 22  1  0
 22  2  2  0
 21  4  1  0
  9  7  1  0
 18 12  1  0
M  CHG  1  20  -1
M  END
"	Nc1nc2[nH]c(C3CC3)c(Cc3ccc(Cl)cc3)c(=O)n2n1	[H]c1c([H])c(C([H])([H])c2c(C3([H])C([H])([H])C3([H])[H])nc3nc(N([H])[H])nn3c2[O-])c([H])c([H])c1Cl
BZABVFPPOIWHIE-UHFFFAOYSA-N	BZABVFPPOIWHIE-UHFFFAOYSA-N_repr_0_target_5T1A_clean_mutations_reversed_withHs_pose_0	-9.493		"
     RDKit          3D

 22 25  0  0  0  0  0  0  0  0999 V2000
    1.7280   26.2750  192.6570 N   0  0  0  0  0  0  0  0  0  0  0  0
    2.3570   26.4520  191.3520 C   0  0  0  0  0  0  0  0  0  0  0  0
    3.1880   25.5440  190.8600 N   0  0  0  0  0  0  0  0  0  0  0  0
    3.5330   26.0810  189.6690 C   0  0  0  0  0  0  0  0  0  0  0  0
    4.3630   25.5610  188.7590 N   0  0  0  0  0  0  0  0  0  0  0  0
    4.5580   26.2900  187.6270 C   0  0  0  0  0  0  0  0  0  0  0  0
    5.4880   25.7140  186.6010 C   0  0  0  0  0  0  0  0  0  0  0  0
    6.2710   24.4660  186.9440 C   0  0  0  0  0  0  0  0  0  0  0  0
    6.9790   25.7980  186.8380 C   0  0  0  0  0  0  0  0  0  0  0  0
    3.9430   27.5140  187.3950 C   0  0  0  0  0  0  0  0  0  0  0  0
    4.1990   28.2710  186.1260 C   0  0  0  0  0  0  0  0  0  0  0  0
    5.3740   29.1840  186.3160 C   0  0  0  0  0  0  0  0  0  0  0  0
    5.8870   29.4160  187.5880 C   0  0  0  0  0  0  0  0  0  0  0  0
    6.9780   30.2640  187.7620 C   0  0  0  0  0  0  0  0  0  0  0  0
    7.5670   30.8880  186.6660 C   0  0  0  0  0  0  0  0  0  0  0  0
    7.0540   30.6550  185.3930 C   0  0  0  0  0  0  0  0  0  0  0  0
    7.9240   31.5850  183.7350 I   0  0  0  0  0  0  0  0  0  0  0  0
    5.9620   29.8080  185.2200 C   0  0  0  0  0  0  0  0  0  0  0  0
    3.0880   28.0220  188.3630 C   0  0  0  0  0  0  0  0  0  0  0  0
    2.5030   29.1490  188.1840 O   0  0  0  0  0  1  0  0  0  0  0  0
    2.8830   27.2940  189.5110 N   0  0  0  0  0  0  0  0  0  0  0  0
    2.1120   27.5280  190.6260 N   0  0  0  0  0  0  0  0  0  0  0  0
  1  2  1  0
  2  3  1  0
  3  4  2  0
  4  5  1  0
  5  6  2  0
  6  7  1  0
  7  8  1  0
  8  9  1  0
  6 10  1  0
 10 11  1  0
 11 12  1  0
 12 13  2  0
 13 14  1  0
 14 15  2  0
 15 16  1  0
 16 17  1  0
 16 18  2  0
 10 19  2  0
 19 20  1  0
 19 21  1  0
 21 22  1  0
 22  2  2  0
 21  4  1  0
  9  7  1  0
 18 12  1  0
M  CHG  1  20  -1
M  END
"	Nc1nc2[nH]c(C3CC3)c(Cc3cccc(I)c3)c(=O)n2n1	[H]c1c([H])c(I)c([H])c(C([H])([H])c2c(C3([H])C([H])([H])C3([H])[H])nc3nc(N([H])[H])nn3c2[O-])c1[H]
NEHQWOQOBXQTPU-UHFFFAOYSA-N	NEHQWOQOBXQTPU-UHFFFAOYSA-N_repr_0_target_5T1A_clean_mutations_reversed_withHs_pose_0	-11.207		"
     RDKit          3D

 27 29  0  0  0  0  0  0  0  0999 V2000
    1.7410   27.9900  189.7260 O   0  0  0  0  0  0  0  0  0  0  0  0
    2.0320   26.8200  190.0130 C   0  0  0  0  0  0  0  0  0  0  0  0
    1.2760   25.8820  189.7180 O   0  0  0  0  0  1  0  0  0  0  0  0
    3.3090   26.4920  190.7280 C   0  0  0  0  0  0  0  0  0  0  0  0
    3.2750   26.0700  192.0530 C   0  0  0  0  0  0  0  0  0  0  0  0
    4.4570   25.7660  192.7160 C   0  0  0  0  0  0  0  0  0  0  0  0
    5.6740   25.8840  192.0550 C   0  0  0  0  0  0  0  0  0  0  0  0
    5.7080   26.3050  190.7320 C   0  0  0  0  0  0  0  0  0  0  0  0
    4.5260   26.6090  190.0680 C   0  0  0  0  0  0  0  0  0  0  0  0
    4.5600   27.0270  188.7530 O   0  0  0  0  0  0  0  0  0  0  0  0
    5.3080   26.2330  187.9080 C   0  0  0  0  0  0  0  0  0  0  0  0
    5.0450   24.8680  187.8260 C   0  0  0  0  0  0  0  0  0  0  0  0
    5.7920   24.0580  186.9760 C   0  0  0  0  0  0  0  0  0  0  0  0
    6.8060   24.6240  186.2100 C   0  0  0  0  0  0  0  0  0  0  0  0
    7.7420   23.6320  185.1530 Cl  0  0  0  0  0  0  0  0  0  0  0  0
    7.0690   25.9880  186.2930 C   0  0  0  0  0  0  0  0  0  0  0  0
    6.3210   26.8010  187.1420 C   0  0  0  0  0  0  0  0  0  0  0  0
    6.5990   28.2310  187.2250 N   0  0  0  0  0  2  0  0  0  0  0  0
    5.3840   29.1110  186.3440 S   0  0  0  0  0  6  0  0  0  0  0  0
    4.7320   28.1700  185.4260 O   0  0  0  0  0  0  0  0  0  0  0  0
    4.6140   29.8970  187.3160 O   0  0  0  0  0  0  0  0  0  0  0  0
    6.3360   30.2500  185.3630 C   0  0  0  0  0  0  0  0  0  0  0  0
    6.7670   30.0890  184.0520 C   0  0  0  0  0  0  0  0  0  0  0  0
    7.4980   31.1900  183.5910 C   0  0  0  0  0  0  0  0  0  0  0  0
    7.6260   32.1890  184.5480 C   0  0  0  0  0  0  0  0  0  0  0  0
    8.4400   33.6940  184.3930 Cl  0  0  0  0  0  0  0  0  0  0  0  0
    6.8360   31.7690  186.0360 S   0  0  0  0  0  0  0  0  0  0  0  0
  1  2  2  0
  2  3  1  0
  2  4  1  0
  4  5  2  0
  5  6  1  0
  6  7  2  0
  7  8  1  0
  8  9  2  0
  9 10  1  0
 10 11  1  0
 11 12  2  0
 12 13  1  0
 13 14  2  0
 14 15  1  0
 14 16  1  0
 16 17  2  0
 17 18  1  0
 18 19  1  0
 19 20  2  0
 19 21  2  0
 19 22  1  0
 22 23  2  0
 23 24  1  0
 24 25  2  0
 25 26  1  0
 25 27  1  0
  9  4  1  0
 17 11  1  0
 27 22  1  0
M  CHG  2   3  -1  18  -1
M  END
"	O=C(O)c1ccccc1Oc1ccc(Cl)cc1NS(=O)(=O)c1ccc(Cl)s1	[H]c1c(Cl)sc(S(=O)(=O)[N-]c2c([H])c(Cl)c([H])c([H])c2Oc2c([H])c([H])c([H])c([H])c2C(=O)[O-])c1[H]
MNLVCOBPDKQJKG-UHFFFAOYSA-N	MNLVCOBPDKQJKG-UHFFFAOYSA-N_repr_0_target_5T1A_clean_mutations_reversed_withHs_pose_0	-10.641		"
     RDKit          3D

 30 32  0  0  0  0  0  0  0  0999 V2000
    0.7150   26.1640  190.2250 O   0  0  0  0  0  0  0  0  0  0  0  0
    1.7250   26.8760  190.3170 C   0  0  0  0  0  0  0  0  0  0  0  0
    1.7400   28.0280  189.8590 O   0  0  0  0  0  1  0  0  0  0  0  0
    2.9710   26.3720  190.9830 C   0  0  0  0  0  0  0  0  0  0  0  0
    3.1170   26.4880  192.3600 C   0  0  0  0  0  0  0  0  0  0  0  0
    2.1350   27.0550  193.0960 F   0  0  0  0  0  0  0  0  0  0  0  0
    4.2700   26.0230  192.9850 C   0  0  0  0  0  0  0  0  0  0  0  0
    5.2900   25.4370  192.2400 C   0  0  0  0  0  0  0  0  0  0  0  0
    5.1430   25.3220  190.8610 C   0  0  0  0  0  0  0  0  0  0  0  0
    3.9890   25.7860  190.2350 C   0  0  0  0  0  0  0  0  0  0  0  0
    3.8530   25.6670  188.8670 O   0  0  0  0  0  0  0  0  0  0  0  0
    5.0390   25.5520  188.1710 C   0  0  0  0  0  0  0  0  0  0  0  0
    5.4030   24.3000  187.7910 N   0  0  0  0  0  0  0  0  0  0  0  0
    6.5690   24.1670  187.1050 C   0  0  0  0  0  0  0  0  0  0  0  0
    7.3790   25.2580  186.7880 C   0  0  0  0  0  0  0  0  0  0  0  0
    8.8490   25.0310  185.9140 Cl  0  0  0  0  0  0  0  0  0  0  0  0
    6.9880   26.5370  187.1860 C   0  0  0  0  0  0  0  0  0  0  0  0
    5.7950   26.6900  187.8900 C   0  0  0  0  0  0  0  0  0  0  0  0
    5.3480   28.0100  188.3250 N   0  0  0  0  0  2  0  0  0  0  0  0
    4.3670   28.7270  187.0800 S   0  0  0  0  0  6  0  0  0  0  0  0
    3.9330   27.6520  186.1810 O   0  0  0  0  0  0  0  0  0  0  0  0
    3.4050   29.6210  187.7330 O   0  0  0  0  0  0  0  0  0  0  0  0
    5.5240   29.7420  186.1860 C   0  0  0  0  0  0  0  0  0  0  0  0
    5.4440   29.8360  184.7960 C   0  0  0  0  0  0  0  0  0  0  0  0
    6.3530   30.6320  184.0980 C   0  0  0  0  0  0  0  0  0  0  0  0
    7.3440   31.3370  184.7830 C   0  0  0  0  0  0  0  0  0  0  0  0
    8.4500   32.3130  183.8790 Cl  0  0  0  0  0  0  0  0  0  0  0  0
    7.4250   31.2430  186.1810 C   0  0  0  0  0  0  0  0  0  0  0  0
    8.6340   32.0980  187.0750 Cl  0  0  0  0  0  0  0  0  0  0  0  0
    6.5130   30.4450  186.8760 C   0  0  0  0  0  0  0  0  0  0  0  0
  1  2  2  0
  2  3  1  0
  2  4  1  0
  4  5  2  0
  5  6  1  0
  5  7  1  0
  7  8  2  0
  8  9  1  0
  9 10  2  0
 10 11  1  0
 11 12  1  0
 12 13  2  0
 13 14  1  0
 14 15  2  0
 15 16  1  0
 15 17  1  0
 17 18  2  0
 18 19  1  0
 19 20  1  0
 20 21  2  0
 20 22  2  0
 20 23  1  0
 23 24  2  0
 24 25  1  0
 25 26  2  0
 26 27  1  0
 26 28  1  0
 28 29  1  0
 28 30  2  0
 10  4  1  0
 18 12  1  0
 30 23  1  0
M  CHG  2   3  -1  19  -1
M  END
"	O=C(O)c1c(F)cccc1Oc1ncc(Cl)cc1NS(=O)(=O)c1ccc(Cl)c(Cl)c1	[H]c1nc(Oc2c([H])c([H])c([H])c(F)c2C(=O)[O-])c([N-]S(=O)(=O)c2c([H])c([H])c(Cl)c(Cl)c2[H])c([H])c1Cl
CEGJWTUOZKZMBT-UHFFFAOYSA-N	CEGJWTUOZKZMBT-UHFFFAOYSA-N_repr_0_target_5T1A_clean_mutations_reversed_withHs_pose_0	-10.377		"
     RDKit          3D

 28 30  0  0  0  0  0  0  0  0999 V2000
    0.8710   25.9720  189.7040 O   0  0  0  0  0  0  0  0  0  0  0  0
    1.7470   26.7780  190.0500 C   0  0  0  0  0  0  0  0  0  0  0  0
    1.7030   27.9640  189.6910 O   0  0  0  0  0  1  0  0  0  0  0  0
    2.8960   26.3500  190.9140 C   0  0  0  0  0  0  0  0  0  0  0  0
    2.8260   26.5110  192.2930 C   0  0  0  0  0  0  0  0  0  0  0  0
    3.8900   26.1140  193.0940 C   0  0  0  0  0  0  0  0  0  0  0  0
    5.0240   25.5570  192.5160 C   0  0  0  0  0  0  0  0  0  0  0  0
    5.0940   25.3970  191.1380 C   0  0  0  0  0  0  0  0  0  0  0  0
    4.0300   25.7920  190.3370 C   0  0  0  0  0  0  0  0  0  0  0  0
    4.1000   25.6330  188.9680 O   0  0  0  0  0  0  0  0  0  0  0  0
    5.3750   25.6790  188.4400 C   0  0  0  0  0  0  0  0  0  0  0  0
    6.0550   24.4970  188.1490 C   0  0  0  0  0  0  0  0  0  0  0  0
    7.3080   24.4930  187.6300 N   0  0  0  0  0  0  0  0  0  0  0  0
    7.8970   25.6950  187.3950 C   0  0  0  0  0  0  0  0  0  0  0  0
    7.2780   26.9160  187.6590 C   0  0  0  0  0  0  0  0  0  0  0  0
    5.9910   26.9060  188.1930 C   0  0  0  0  0  0  0  0  0  0  0  0
    5.2990   28.1560  188.4890 N   0  0  0  0  0  2  0  0  0  0  0  0
    4.3820   28.6520  187.0950 S   0  0  0  0  0  6  0  0  0  0  0  0
    4.1220   27.4560  186.2850 O   0  0  0  0  0  0  0  0  0  0  0  0
    3.2930   29.5160  187.5630 O   0  0  0  0  0  0  0  0  0  0  0  0
    5.5310   29.6720  186.1950 C   0  0  0  0  0  0  0  0  0  0  0  0
    5.4430   29.7660  184.8070 C   0  0  0  0  0  0  0  0  0  0  0  0
    6.3460   30.5650  184.1030 C   0  0  0  0  0  0  0  0  0  0  0  0
    7.3380   31.2740  184.7850 C   0  0  0  0  0  0  0  0  0  0  0  0
    8.4350   32.2540  183.8750 Cl  0  0  0  0  0  0  0  0  0  0  0  0
    7.4260   31.1800  186.1820 C   0  0  0  0  0  0  0  0  0  0  0  0
    8.6360   32.0390  187.0690 Cl  0  0  0  0  0  0  0  0  0  0  0  0
    6.5200   30.3780  186.8810 C   0  0  0  0  0  0  0  0  0  0  0  0
  1  2  2  0
  2  3  1  0
  2  4  1  0
  4  5  2  0
  5  6  1  0
  6  7  2  0
  7  8  1  0
  8  9  2  0
  9 10  1  0
 10 11  1  0
 11 12  2  0
 12 13  1  0
 13 14  2  0
 14 15  1  0
 15 16  2  0
 16 17  1  0
 17 18  1  0
 18 19  2  0
 18 20  2  0
 18 21  1  0
 21 22  2  0
 22 23  1  0
 23 24  2  0
 24 25  1  0
 24 26  1  0
 26 27  1  0
 26 28  2  0
  9  4  1  0
 16 11  1  0
 28 21  1  0
M  CHG  2   3  -1  17  -1
M  END
"	O=C(O)c1ccccc1Oc1cnccc1NS(=O)(=O)c1ccc(Cl)c(Cl)c1	[H]c1nc([H])c(Oc2c([H])c([H])c([H])c([H])c2C(=O)[O-])c([N-]S(=O)(=O)c2c([H])c([H])c(Cl)c(Cl)c2[H])c1[H]
DQXWKJJFDWTHFG-UHFFFAOYSA-N	DQXWKJJFDWTHFG-UHFFFAOYSA-N_repr_0_target_5T1A_clean_mutations_reversed_withHs_pose_0	-10.934		"
     RDKit          3D

 28 30  0  0  0  0  0  0  0  0999 V2000
    0.9130   25.9970  189.7240 O   0  0  0  0  0  0  0  0  0  0  0  0
    1.7910   26.8030  190.0660 C   0  0  0  0  0  0  0  0  0  0  0  0
    1.7470   27.9880  189.7050 O   0  0  0  0  0  1  0  0  0  0  0  0
    2.9420   26.3750  190.9280 C   0  0  0  0  0  0  0  0  0  0  0  0
    2.8760   26.5420  192.3070 C   0  0  0  0  0  0  0  0  0  0  0  0
    3.9420   26.1450  193.1060 C   0  0  0  0  0  0  0  0  0  0  0  0
    5.0730   25.5830  192.5260 C   0  0  0  0  0  0  0  0  0  0  0  0
    5.1380   25.4170  191.1490 C   0  0  0  0  0  0  0  0  0  0  0  0
    4.0730   25.8120  190.3490 C   0  0  0  0  0  0  0  0  0  0  0  0
    4.1380   25.6480  188.9810 O   0  0  0  0  0  0  0  0  0  0  0  0
    5.4100   25.6890  188.4480 C   0  0  0  0  0  0  0  0  0  0  0  0
    6.0040   24.4950  188.1940 N   0  0  0  0  0  0  0  0  0  0  0  0
    7.2560   24.5120  187.6700 C   0  0  0  0  0  0  0  0  0  0  0  0
    7.9290   25.7020  187.3950 C   0  0  0  0  0  0  0  0  0  0  0  0
    7.3060   26.9210  187.6610 C   0  0  0  0  0  0  0  0  0  0  0  0
    6.0220   26.9180  188.1990 C   0  0  0  0  0  0  0  0  0  0  0  0
    5.3290   28.1680  188.4950 N   0  0  0  0  0  2  0  0  0  0  0  0
    4.4080   28.6630  187.1040 S   0  0  0  0  0  6  0  0  0  0  0  0
    4.1440   27.4660  186.2980 O   0  0  0  0  0  0  0  0  0  0  0  0
    3.3220   29.5280  187.5760 O   0  0  0  0  0  0  0  0  0  0  0  0
    5.5540   29.6810  186.1990 C   0  0  0  0  0  0  0  0  0  0  0  0
    5.4740   29.7590  184.8090 C   0  0  0  0  0  0  0  0  0  0  0  0
    6.3730   30.5580  184.1020 C   0  0  0  0  0  0  0  0  0  0  0  0
    7.3550   31.2820  184.7810 C   0  0  0  0  0  0  0  0  0  0  0  0
    8.4510   32.2610  183.8670 Cl  0  0  0  0  0  0  0  0  0  0  0  0
    7.4360   31.2040  186.1790 C   0  0  0  0  0  0  0  0  0  0  0  0
    8.6370   32.0820  187.0650 Cl  0  0  0  0  0  0  0  0  0  0  0  0
    6.5340   30.4020  186.8820 C   0  0  0  0  0  0  0  0  0  0  0  0
  1  2  2  0
  2  3  1  0
  2  4  1  0
  4  5  2  0
  5  6  1  0
  6  7  2  0
  7  8  1  0
  8  9  2  0
  9 10  1  0
 10 11  1  0
 11 12  2  0
 12 13  1  0
 13 14  2  0
 14 15  1  0
 15 16  2  0
 16 17  1  0
 17 18  1  0
 18 19  2  0
 18 20  2  0
 18 21  1  0
 21 22  2  0
 22 23  1  0
 23 24  2  0
 24 25  1  0
 24 26  1  0
 26 27  1  0
 26 28  2  0
  9  4  1  0
 16 11  1  0
 28 21  1  0
M  CHG  2   3  -1  17  -1
M  END
"	O=C(O)c1ccccc1Oc1ncccc1NS(=O)(=O)c1ccc(Cl)c(Cl)c1	[H]c1nc(Oc2c([H])c([H])c([H])c([H])c2C(=O)[O-])c([N-]S(=O)(=O)c2c([H])c([H])c(Cl)c(Cl)c2[H])c([H])c1[H]
YISILPLXQXBHSP-UHFFFAOYSA-N	YISILPLXQXBHSP-UHFFFAOYSA-N_repr_1_target_5T1A_clean_mutations_reversed_withHs_pose_0	-10.864		"
     RDKit          3D

 28 30  0  0  0  0  0  0  0  0999 V2000
    1.7280   27.9910  189.6950 O   0  0  0  0  0  0  0  0  0  0  0  0
    2.0140   26.8250  190.0050 C   0  0  0  0  0  0  0  0  0  0  0  0
    1.2560   25.8850  189.7270 O   0  0  0  0  0  1  0  0  0  0  0  0
    3.2880   26.5080  190.7310 C   0  0  0  0  0  0  0  0  0  0  0  0
    3.2440   26.0470  192.0420 C   0  0  0  0  0  0  0  0  0  0  0  0
    4.4240   25.7520  192.7140 C   0  0  0  0  0  0  0  0  0  0  0  0
    5.6470   25.9190  192.0760 C   0  0  0  0  0  0  0  0  0  0  0  0
    5.6910   26.3800  190.7660 C   0  0  0  0  0  0  0  0  0  0  0  0
    4.5110   26.6740  190.0930 C   0  0  0  0  0  0  0  0  0  0  0  0
    4.5540   27.1320  188.7920 O   0  0  0  0  0  0  0  0  0  0  0  0
    5.2940   26.3540  187.9240 C   0  0  0  0  0  0  0  0  0  0  0  0
    5.0070   24.9980  187.7920 C   0  0  0  0  0  0  0  0  0  0  0  0
    5.7460   24.2040  186.9200 C   0  0  0  0  0  0  0  0  0  0  0  0
    6.7760   24.7780  186.1820 C   0  0  0  0  0  0  0  0  0  0  0  0
    7.7010   23.8060  185.0970 Cl  0  0  0  0  0  0  0  0  0  0  0  0
    7.0630   26.1330  186.3140 C   0  0  0  0  0  0  0  0  0  0  0  0
    6.3230   26.9300  187.1860 C   0  0  0  0  0  0  0  0  0  0  0  0
    6.6270   28.3510  187.3220 N   0  0  0  0  0  2  0  0  0  0  0  0
    5.4600   29.2810  186.4270 S   0  0  0  0  0  6  0  0  0  0  0  0
    4.8280   28.3840  185.4530 O   0  0  0  0  0  0  0  0  0  0  0  0
    4.6670   30.0460  187.3970 O   0  0  0  0  0  0  0  0  0  0  0  0
    6.4670   30.4360  185.5230 C   0  0  0  0  0  0  0  0  0  0  0  0
    6.6320   30.3010  184.1480 C   0  0  0  0  0  0  0  0  0  0  0  0
    7.4220   31.2070  183.4430 C   0  0  0  0  0  0  0  0  0  0  0  0
    8.0520   32.2560  184.1070 C   0  0  0  0  0  0  0  0  0  0  0  0
    7.8870   32.3910  185.4800 C   0  0  0  0  0  0  0  0  0  0  0  0
    8.6630   33.6870  186.3150 Cl  0  0  0  0  0  0  0  0  0  0  0  0
    7.0980   31.4850  186.1850 C   0  0  0  0  0  0  0  0  0  0  0  0
  1  2  2  0
  2  3  1  0
  2  4  1  0
  4  5  2  0
  5  6  1  0
  6  7  2  0
  7  8  1  0
  8  9  2  0
  9 10  1  0
 10 11  1  0
 11 12  2  0
 12 13  1  0
 13 14  2  0
 14 15  1  0
 14 16  1  0
 16 17  2  0
 17 18  1  0
 18 19  1  0
 19 20  2  0
 19 21  2  0
 19 22  1  0
 22 23  2  0
 23 24  1  0
 24 25  2  0
 25 26  1  0
 26 27  1  0
 26 28  2  0
  9  4  1  0
 17 11  1  0
 28 22  1  0
M  CHG  2   3  -1  18  -1
M  END
"	O=C(O)c1ccccc1Oc1ccc(Cl)cc1NS(=O)(=O)c1cccc(Cl)c1	[H]c1c([H])c([H])c(C(=O)[O-])c(Oc2c([H])c([H])c(Cl)c([H])c2[N-]S(=O)(=O)c2c([H])c([H])c([H])c(Cl)c2[H])c1[H]
LUUMLYXKTPBTQR-UHFFFAOYSA-N	LUUMLYXKTPBTQR-UHFFFAOYSA-N_repr_0_target_5T1A_clean_mutations_reversed_withHs_pose_0	-11.494		"
     RDKit          3D

 33 36  0  0  0  0  0  0  0  0999 V2000
    7.7120   23.5210  185.3160 C   0  0  0  0  0  0  0  0  0  0  0  0
    7.3660   24.4850  186.4110 C   0  0  0  0  0  0  0  0  0  0  0  0
    8.1940   24.6060  187.5250 C   0  0  0  0  0  0  0  0  0  0  0  0
    7.9210   25.4650  188.5400 N   0  0  0  0  0  0  0  0  0  0  0  0
    6.7960   26.2200  188.4420 C   0  0  0  0  0  0  0  0  0  0  0  0
    6.5150   27.1610  189.5750 C   0  0  0  0  0  0  0  0  0  0  0  0
    6.6730   28.3750  189.4720 O   0  0  0  0  0  0  0  0  0  0  0  0
    6.0280   26.5220  190.8420 C   0  0  0  0  0  0  0  0  0  0  0  0
    6.9410   26.2650  191.8220 N   0  0  0  0  0  0  0  0  0  0  0  0
    6.4910   25.6860  192.9660 C   0  0  0  0  0  0  0  0  0  0  0  0
    5.2090   25.3270  193.2480 N   0  0  0  0  0  0  0  0  0  0  0  0
    4.3540   25.5980  192.2590 C   0  0  0  0  0  0  0  0  0  0  0  0
    3.0050   25.3510  192.2540 N   0  0  0  0  0  0  0  0  0  0  0  0
    2.4560   25.7670  191.0590 C   0  0  0  0  0  0  0  0  0  0  0  0
    3.4560   26.2990  190.2600 C   0  0  0  0  0  0  0  0  0  0  0  0
    4.6750   26.1980  191.0110 C   0  0  0  0  0  0  0  0  0  0  0  0
    5.9210   26.1520  187.3580 C   0  0  0  0  0  0  0  0  0  0  0  0
    4.7260   26.9910  187.3110 N   0  0  0  0  0  2  0  0  0  0  0  0
    4.5280   27.6250  185.7030 S   0  0  0  0  0  6  0  0  0  0  0  0
    5.2160   26.7160  184.7800 O   0  0  0  0  0  0  0  0  0  0  0  0
    3.1130   27.9700  185.5330 O   0  0  0  0  0  0  0  0  0  0  0  0
    5.4520   29.1460  185.7490 C   0  0  0  0  0  0  0  0  0  0  0  0
    5.3670   29.9760  186.8650 C   0  0  0  0  0  0  0  0  0  0  0  0
    6.0850   31.1670  186.9120 C   0  0  0  0  0  0  0  0  0  0  0  0
    6.8890   31.5230  185.8340 C   0  0  0  0  0  0  0  0  0  0  0  0
    7.7850   32.9960  185.8790 Cl  0  0  0  0  0  0  0  0  0  0  0  0
    6.9740   30.6930  184.7190 C   0  0  0  0  0  0  0  0  0  0  0  0
    7.8460   31.0880  183.5650 C   0  0  0  0  0  0  0  0  0  0  0  0
    9.0460   31.4340  184.0310 F   0  0  0  0  0  0  0  0  0  0  0  0
    7.9580   30.0510  182.7360 F   0  0  0  0  0  0  0  0  0  0  0  0
    7.2850   32.1180  182.9340 F   0  0  0  0  0  0  0  0  0  0  0  0
    6.2570   29.5000  184.6710 C   0  0  0  0  0  0  0  0  0  0  0  0
    6.2130   25.2660  186.3230 C   0  0  0  0  0  0  0  0  0  0  0  0
  1  2  1  0
  2  3  2  0
  3  4  1  0
  4  5  2  0
  5  6  1  0
  6  7  2  0
  6  8  1  0
  8  9  2  0
  9 10  1  0
 10 11  2  0
 11 12  1  0
 12 13  1  0
 13 14  1  0
 14 15  2  0
 15 16  1  0
  5 17  1  0
 17 18  1  0
 18 19  1  0
 19 20  2  0
 19 21  2  0
 19 22  1  0
 22 23  2  0
 23 24  1  0
 24 25  2  0
 25 26  1  0
 25 27  1  0
 27 28  1  0
 28 29  1  0
 28 30  1  0
 28 31  1  0
 27 32  2  0
 17 33  2  0
 33  2  1  0
 16  8  1  0
 32 22  1  0
 16 12  2  0
M  CHG  1  18  -1
M  END
"	Cc1cnc(C(=O)c2ncnc3[nH]ccc23)c(NS(=O)(=O)c2ccc(Cl)c(C(F)(F)F)c2)c1	[H]c1nc(C(=O)c2nc([H])c(C([H])([H])[H])c([H])c2[N-]S(=O)(=O)c2c([H])c([H])c(Cl)c(C(F)(F)F)c2[H])c2c([H])c([H])n([H])c2n1
